datetime,0,1
Thu Jun 29 01:45:48 2023,PVP,non-PVP
Thu Jun 29 01:49:32 2023,PVP,non-PVP
Thu Jun 29 01:49:56 2023,PVP,non-PVP
Thu Jun 29 01:50:35 2023,PVP,non-PVP
Thu Jun 29 01:51:09 2023,PVP,non-PVP
Thu Jun 29 01:52:18 2023,PVP,non-PVP
Thu Jun 29 01:52:46 2023,PVP,non-PVP
Thu Jun 29 01:53:45 2023,PVP,non-PVP
Thu Jun 29 01:54:16 2023,PVP,non-PVP
Thu Jun 29 01:54:35 2023,PVP,non-PVP
Thu Jun 29 01:59:16 2023,PVP,non-PVP
Thu Jun 29 02:00:23 2023,PVP,non-PVP
Thu Jun 29 02:01:37 2023,PVP,non-PVP
Thu Jun 29 02:04:36 2023,PVP,non-PVP
Thu Jun 29 02:07:08 2023,PVP,non-PVP
Thu Jun 29 02:09:39 2023,PVP,non-PVP
Thu Jun 29 02:16:00 2023,PVP,non-PVP
Thu Jun 29 02:17:28 2023,PVP,non-PVP
Thu Jun 29 02:17:48 2023,PVP,non-PVP
Thu Jun 29 02:19:42 2023,PVP,non-PVP
Thu Jun 29 02:20:38 2023,PVP,non-PVP
Thu Jun 29 02:23:21 2023,PVP,non-PVP
Thu Jun 29 02:27:13 2023,PVP,non-PVP
Thu Jun 29 02:29:48 2023,PVP,non-PVP
Thu Jun 29 02:31:54 2023,PVP,non-PVP
Thu Jun 29 02:37:04 2023,PVP,non-PVP
Thu Jun 29 02:37:59 2023,PVP,non-PVP
Thu Jun 29 02:43:54 2023,PVP,non-PVP
Thu Jun 29 21:25:07 2023,PVP,non-PVP
Thu Jun 29 21:32:55 2023,PVP,non-PVP
Thu Jun 29 21:36:18 2023,PVP,non-PVP
Thu Jun 29 21:37:30 2023,PVP,non-PVP
Thu Jun 29 21:42:24 2023,PVP,non-PVP
Thu Jun 29 21:42:50 2023,PVP,non-PVP
Thu Jun 29 21:43:39 2023,PVP,non-PVP
Thu Jun 29 21:44:05 2023,PVP,non-PVP
Thu Jun 29 21:44:59 2023,PVP,non-PVP
Thu Jun 29 21:45:55 2023,PVP,non-PVP
Thu Jun 29 21:46:41 2023,PVP,non-PVP
Thu Jun 29 21:48:18 2023,PVP,non-PVP
Thu Jun 29 21:48:40 2023,PVP,non-PVP
Thu Jun 29 21:48:59 2023,PVP,non-PVP
Thu Jun 29 21:49:21 2023,PVP,non-PVP
Thu Jun 29 21:50:27 2023,PVP,non-PVP
Thu Jun 29 21:52:56 2023,PVP,non-PVP
Thu Jun 29 21:53:14 2023,PVP,non-PVP
Thu Jun 29 21:54:02 2023,PVP,non-PVP
Thu Jun 29 21:54:20 2023,PVP,non-PVP
Thu Jun 29 21:54:37 2023,PVP,non-PVP
Thu Jun 29 21:55:25 2023,PVP,non-PVP
Thu Jun 29 21:55:38 2023,PVP,non-PVP
Thu Jun 29 21:55:53 2023,PVP,non-PVP
Thu Jun 29 21:56:49 2023,PVP,non-PVP
Thu Jun 29 21:57:16 2023,PVP,non-PVP
Thu Jun 29 21:57:26 2023,PVP,non-PVP
Thu Jun 29 21:57:35 2023,PVP,non-PVP
Thu Jun 29 22:01:48 2023,PVP,non-PVP
Thu Jun 29 22:02:14 2023,PVP,non-PVP
Thu Jun 29 22:02:26 2023,PVP,non-PVP
Thu Jun 29 22:04:24 2023,PVP,non-PVP
Thu Jun 29 22:05:03 2023,PVP,non-PVP
Thu Jun 29 22:05:49 2023,PVP,non-PVP
Thu Jun 29 22:07:02 2023,PVP,non-PVP
Thu Jun 29 22:07:32 2023,PVP,non-PVP
Thu Jun 29 22:09:12 2023,PVP,non-PVP
Thu Jun 29 22:09:47 2023,PVP,non-PVP
Thu Jun 29 22:11:29 2023,PVP,non-PVP
Thu Jun 29 22:12:05 2023,PVP,non-PVP
Thu Jun 29 22:12:36 2023,PVP,non-PVP
Thu Jun 29 22:14:24 2023,PVP,non-PVP
Thu Jun 29 22:18:36 2023,PVP,non-PVP
Thu Jun 29 22:19:21 2023,PVP,non-PVP
Thu Jun 29 22:20:59 2023,PVP,non-PVP
Thu Jun 29 22:21:37 2023,PVP,non-PVP
Thu Jun 29 22:23:30 2023,PVP,non-PVP
Thu Jun 29 22:24:28 2023,PVP,non-PVP
Thu Jun 29 22:25:47 2023,PVP,non-PVP
Thu Jun 29 22:27:05 2023,PVP,non-PVP
Thu Jun 29 22:27:50 2023,PVP,non-PVP
Thu Jun 29 22:28:38 2023,PVP,non-PVP
Thu Jun 29 22:30:48 2023,PVP,non-PVP
Thu Jun 29 22:31:21 2023,PVP,non-PVP
Thu Jun 29 22:31:51 2023,PVP,non-PVP
Thu Jun 29 22:32:10 2023,PVP,non-PVP
Thu Jun 29 22:32:49 2023,PVP,non-PVP
Thu Jun 29 22:34:02 2023,PVP,non-PVP
Thu Jun 29 22:35:03 2023,PVP,non-PVP
Thu Jun 29 22:36:58 2023,PVP,non-PVP
Thu Jun 29 22:37:53 2023,PVP,non-PVP
Thu Jun 29 22:44:39 2023,PVP,non-PVP
Thu Jun 29 22:46:08 2023,PVP,non-PVP
Thu Jun 29 22:47:30 2023,PVP,non-PVP
Thu Jun 29 22:48:54 2023,PVP,non-PVP
Thu Jun 29 22:51:04 2023,PVP,non-PVP
Thu Jun 29 22:53:35 2023,PVP,non-PVP
Thu Jun 29 22:54:31 2023,PVP,non-PVP
Thu Jun 29 22:57:02 2023,PVP,non-PVP
Thu Jun 29 22:58:32 2023,PVP,non-PVP
Thu Jun 29 23:00:27 2023,PVP,non-PVP
Fri Jun 30 00:08:38 2023,PVP,non-PVP
Fri Jun 30 00:10:21 2023,PVP,non-PVP
Fri Jun 30 00:17:35 2023,PVP,non-PVP
Fri Jun 30 00:19:15 2023,PVP,non-PVP
Fri Jun 30 00:20:39 2023,PVP,non-PVP
Fri Jun 30 00:21:26 2023,PVP,non-PVP
Fri Jun 30 00:22:55 2023,PVP,non-PVP
Fri Jun 30 00:24:22 2023,PVP,non-PVP
Fri Jun 30 00:26:30 2023,PVP,non-PVP
Fri Jun 30 00:27:11 2023,PVP,non-PVP
Fri Jun 30 00:27:34 2023,PVP,non-PVP
Fri Jun 30 00:28:24 2023,PVP,non-PVP
Fri Jun 30 00:29:50 2023,PVP,non-PVP
Fri Jun 30 00:30:32 2023,PVP,non-PVP
Fri Jun 30 00:32:29 2023,PVP,non-PVP
Fri Jun 30 00:35:54 2023,PVP,non-PVP
Fri Jun 30 00:37:39 2023,PVP,non-PVP
Fri Jun 30 00:38:55 2023,PVP,non-PVP
Fri Jun 30 00:39:26 2023,PVP,non-PVP
Fri Jun 30 00:40:07 2023,PVP,non-PVP
Fri Jun 30 00:40:40 2023,PVP,non-PVP
Fri Jun 30 00:45:23 2023,PVP,non-PVP
Fri Jun 30 00:50:09 2023,PVP,non-PVP
Fri Jun 30 00:50:54 2023,PVP,non-PVP
Fri Jun 30 00:51:35 2023,PVP,non-PVP
Fri Jun 30 00:54:58 2023,PVP,non-PVP
Fri Jun 30 00:55:30 2023,PVP,non-PVP
Fri Jun 30 00:56:23 2023,PVP,non-PVP
Fri Jun 30 00:57:36 2023,PVP,non-PVP
Fri Jun 30 00:59:22 2023,PVP,non-PVP
Fri Jun 30 00:59:53 2023,PVP,non-PVP
Fri Jun 30 01:00:26 2023,PVP,non-PVP
Fri Jun 30 01:00:59 2023,PVP,non-PVP
Fri Jun 30 01:01:29 2023,PVP,non-PVP
Fri Jun 30 01:01:59 2023,PVP,non-PVP
Fri Jun 30 01:02:14 2023,PVP,non-PVP
Fri Jun 30 01:03:31 2023,PVP,non-PVP
Fri Jun 30 01:04:21 2023,PVP,non-PVP
Fri Jun 30 01:09:38 2023,PVP,non-PVP
Fri Jun 30 01:10:46 2023,PVP,non-PVP
Fri Jun 30 01:13:37 2023,PVP,non-PVP
Fri Jun 30 01:13:54 2023,PVP,non-PVP
Fri Jun 30 11:55:04 2023,PVP,non-PVP
Fri Jun 30 11:56:08 2023,PVP,non-PVP
Fri Jun 30 11:56:59 2023,PVP,non-PVP
Fri Jun 30 11:58:08 2023,PVP,non-PVP
Fri Jun 30 12:00:05 2023,PVP,non-PVP
Fri Jun 30 12:06:27 2023,PVP,non-PVP
Fri Jun 30 12:07:22 2023,PVP,non-PVP
Fri Jun 30 12:10:46 2023,PVP,non-PVP
Fri Jun 30 12:11:32 2023,PVP,non-PVP
Fri Jun 30 12:14:22 2023,PVP,non-PVP
Fri Jun 30 12:14:57 2023,PVP,non-PVP
Fri Jun 30 12:15:55 2023,PVP,non-PVP
Fri Jun 30 12:18:34 2023,PVP,non-PVP
Fri Jun 30 12:20:11 2023,PVP,non-PVP
Fri Jun 30 12:22:12 2023,PVP,non-PVP
Fri Jun 30 12:23:57 2023,PVP,non-PVP
Fri Jun 30 12:25:42 2023,PVP,non-PVP
Fri Jun 30 12:28:44 2023,PVP,non-PVP
Fri Jun 30 12:31:36 2023,PVP,non-PVP
Fri Jun 30 12:33:19 2023,PVP,non-PVP
Fri Jun 30 12:36:40 2023,PVP,non-PVP
Fri Jun 30 14:06:00 2023,PVP,non-PVP
Fri Jun 30 14:06:50 2023,PVP,non-PVP
Fri Jun 30 14:10:09 2023,PVP,non-PVP
Fri Jun 30 14:11:32 2023,PVP,non-PVP
Fri Jun 30 14:12:10 2023,PVP,non-PVP
Fri Jun 30 14:12:55 2023,PVP,non-PVP
Fri Jun 30 14:13:38 2023,PVP,non-PVP
Fri Jun 30 14:14:05 2023,PVP,non-PVP
Fri Jun 30 14:14:26 2023,PVP,non-PVP
Fri Jun 30 14:14:53 2023,PVP,non-PVP
Fri Jun 30 14:15:22 2023,PVP,non-PVP
